node_id,x,y,name,cab_original_index
1,-334.3142834457182,286.22107765985794,CAB node 1,1
2,211.3722587380762,98.83743850224393,CAB node 2,2
3,560.6224938204836,-21.905054991158153,CAB node 3,3
4,-249.56195700945554,-305.33573866565115,CAB node 4,4
5,-188.11851210338563,-57.81772250529227,CAB node 5,5
